,tweet_sentiment,labels,tweet_text_clean
0,-1.0,neg,bitcoin ew update BTCUSD 1 day and 4hr charted on bitfinex Targetting low 17k first 4hr chart then pullback to under side diagonal see 1d chart Diagonal lining up to finish around 20k I do this count the structure is a beauty Guys Pls Retweet amp Like
1,0.5,pos,BTCUSD por cruces de MM fueron compra las zonas USD 3 500 amp USD 6 500 Ahora hay que seguirlo de forma fina ya que las MM est n en zona de doble top Compresi n semanal
2,0.5,pos,No vas a encontrar a otro loco que hable de AT de Medias M viles BTCUSD son claras las 2 zonas de correcciones a priori de ondas 2 amp 4 y estar amos en onda 5 lt pero gt debe romper su m ximo hist rico para confirmarlo Bitcoin compresi n mensual
3,0.5,pos,BTCUSD 15982 UPDATE Monthly Bull Run Elliott Wave now at Wave 3 strongest wave Breaks 14 6k Remarks LONG with fluctuations shows potential target 21 2k 23k Accumulating BTC ETH And blockchain related stocks for Q1 Q2 estimated time April May Share Like Comment
4,0.0,neut,Bitcoin 4H TF 2 Important zone to watch for any possible Continuation Support 15770 4H S R 15400s 4H S R 4H EMA55 Resistance 16125 16500 HTFs S R Resistance 16 5 16 7 Support 13 8 BTC Trade BTCUSD w Low Fees Details on Chart Share
5,1.0,pos,MARA 2 44 just broke all MA here BTCUSD expected 16k 28k Volume 7 117 342 Confirmation 2 close above 2 41 Last run 5 25
6,1.0,pos,btc btcusd BTC 2017 20k top amp today s Price Action
7,1.0,pos,BTC D Bitcoin Dominance 16 Hours till current 3D Candle close Will The Dominance Close Above This Down Trend for the First time in 434 Days What s your Bet here Crypto Altcoins Eth Ethereum BTC BTCUSD
8,1.0,pos,BTCUSD I realize some of you DGAF about it but this is a beautiful technical move and I see chart art every time I look at it
9,1.0,pos,Bitcoin HTFs Chart Weekly Monthly based No Much Levels left to consider here We hit a weekly level one left ATH wick Key HTFs Support Zones 13700 200 11 8 11 5K Resistance 16200 17170 18800 19800 aka ATH BTC BTCUSD XBTUSD Details on Chart Share it
10,0.5,pos,Autre analyste suivre le Bitcoin qui vise 30000 BTCUSD
11,0.5,pos,Bitcoin BTCUSD Gartley patterns that fail usually become butterfly patterns
12,0.5,pos,Bitcoin BTCUSD
13,0.0,neut,GBTC up against some big resistance here BTCUSD
14,1.0,pos,CYIO 029 Blockchain COVID19 Bull Flag Master support 50 MA 026 Vol Heavy Day 1 229 348 Last run 13 Catalyst BTCUSD 16 28k 10Q Financials Nov 15 and John O Shea CEO Helio Crypto Co now listed Nevada SOS Bullish Indicator Bull Flag Bull Cup Handle Wave 3 Uptrend
15,1.0,pos,BTCUSD 16400 16700 looks like next levels to be tested Small Caps MARA DPW OTC CYIO BEGI BFCH BZTG UNGS WDRP EPAZ more Comment below which ones you are adding BTC 16k 28k next
16,-1.0,neg,MARA 2 36 Bullish accumulation above Moving averages Vol 3 609 229 Remarks Look for 2 closes above 21 MA 2 41 Last run 5 25 LONG In sympathy to BTCUSD 16k 28k Q1 2021
17,0.0,neut,When BTCUSD is going up People r crying bcuz they r up USD but down in Sats When Bitcoin is going down they cry again cuz Up in Sats but down in If U R one of those then U MUST decide ur base amp Trade Act accordingly Or Simply Divide ur Cap amp treat each part separately
18,0.0,neut,BTCUSD BTC Yesterday we posted a raindrop vs hollow candle chart showing no volume above the diagonal resistance within the wick Now we are getting continuation down today Bitcoin Watch the new video below Crypto cryptocurrency cryptocurrencies
19,0.0,neut,Bitcoin gen yap s ile birlikte range yapmaya ba lad Yeni ba layacak trendi anlamak i in range in k r l m y n belirleyici olacak Range i erisi k sa vadeli trade i in olduk a uygun K sa vadeli tradelerde pozisyon boyutlar n k ltmekte fayda var btcusd Bitcoin
20,0.0,neut,And bullish on BTCUSD wow
21,0.0,neut,Short term topping pattern at the upper Bollinger Band suggests a correction of the recent gains and or some consolidation btcusd
22,0.5,pos,BTC Pairs are getting My Attention here Dominance Facing HTFs Resistance While ETHBTC is bouncing of HTFs Support BTCUSD is not looking Strong Time to print more Sats Note if This breaks out Alts are going from REKT to REKTER Bitcoin Altcoins
23,1.0,pos,BTCUSD My neighbor and a good friend asked about it when it was 3K I said buy but he didn t Last week asked me again I said wait no chasing He bought 15800 1
24,1.0,pos,BTCUSD 15 500 bitcoin Importante sostener consolidar para seguir Tenkanview
25,1.0,pos,Le Bitcoin a consolid hier parce qu il avait gagn 60 en 5 semaines et qu il avait besoin de respirer apr s avoir touch les 16K Si l lection de Biden devait avoir pes sur ce dernier hier pourquoi a t il repris 800 depuis Evitons de chercher midi 14H BTCUSD
26,1.0,pos,maybe BTCUSD plunge is a warning es f
27,1.0,pos,4 S amp P500 priced in Bitcoin SPX BTCUSD
28,-1.0,neg,Back in June I posted Bitcoin BTCUSD had coiled into a multi year triangle setting up a run to 15k and 24k targets 15k target has cleared Looking for some flagging here then on to 24k Great example of the power of simple chart patterns and they are all you need to trade well
29,-1.0,neg,btc btcusd BTC Neil Armstrong is now Bitcoin Commander
30,-1.0,neg,Broken Parabolas Am I right fellows btc btcusd btc
31,-1.0,neg,Bitcoin BTCUSD By maximizing time return trend following is a killer beast
32,-1.0,neg,Very interesting Bitcoin daily chart for last 90 days vs Bitcoin search on google trends Looks like the public isn t as involved as I would expect makes me think has lot more to go Risk Management always Job 1 BTC X BTCUSD
33,-1.0,neg,BTCUSD Runaway train mode
34,0.0,neut,BTCUSD 15 4K line break It was mentioned that it could be last time BTC ever touches below 10k ever again Not day trades LONG Blockchain stocks and BTC related plays MARA follow feed to see others
35,0.0,neut,Bitcoin BTCUSD BTC Volume above resistance was your cue to drop your shorts The video below is imperative to understanding how Raindrop charts work Watch below
36,0.0,neut,Le Bitcoin 30 000 Pas du tout inconcevable BTCUSD
37,0.0,neut,Market pricing in Biden win Bad for Dollar great for Bitcoin as BTCUSD makes a fresh 2020 high
38,0.0,neut,Hash Ribbons has entered a capitulation zone Historically it happens either before or after a massive drop So it is not clear what case it is now But the buy signal has been proven right I e it is wise to wait for it before going long again bitcoin BTC BTCUSD
39,1.0,pos,btc btcusd btc This would be the bull scenario for me Parabolic advance from breaking above the Livermore accumulation cylinder Low of the week around 13k2 Confirmation with btc closing above 13k6
40,1.0,pos,There s only been one other month in history where Bitcoin closed higher December 2017 Remember that month That was nuts My high school buddies were texting me about which cryptos to buy Not if they should buy Specifically which ones bitcoin BTCUSD
41,1.0,pos,btc btcusd btc If we get a pullback my ideal buy area is 11k5 11k8 Like in early September confluence of 61 8 fib retracement of past up move 61 8 fib retracement of Oct Monthly candle trendline monthly lvl top of past range I would expect this dip to be very fast
42,1.0,pos,BTCUSD price has been surging on Fear and uncertainty and this week decoupled from Major markets ahead of biggest uncertain election in past years via Bitcoin Blockchain is hottest sector into year s end
43,1.0,pos,Le Bitcoin est extr mement haussier Un nouveau record historique dans les trimestre venir n aurait rien d tonnant d autant que ce dernier semble se d corr ler des indices boursiers BTCUSD
44,0.3333333333333333,pos,BTCUSD 13 849 now if you paid attention to this thread below you were adding blockchain stocks in anticipation BTCUSD 14k 20k multi month bull run is here What BTC stocks are you adding
45,0.3333333333333333,pos,Bitcoin s share of global liquid markets is still a rounding error BTCUSD
46,1.0,pos,This ladies and gentleman is a Bitcoin Yearly chart If this was a daily or 5 minute chart would you be long or short I know my answer BTCUSD BTC X GBTC BITCOIN
47,1.0,pos,Quite the bull flag on the BTCUSD 4 hour chart with nice volume It s awful triangle shitty charting season boys
48,0.0,neut,MARA 3 00 Following BTCUSD with ETHUSD breaking 420 now look for a breakout BTCUSD 14k 20k Last run 5 25
49,0.0,neut,MARA 3 19 after hours on BTCUSD break Last run 5 25 Remarks Monthly Bull Market bitcoin similar to 2015 500 15k Expect 14k 20k
50,0.0,neut,BTCUSD the only chart you ll ever need
51,0.0,neut,PayPal will let customers buy amp sell cryptocurrency The company added that it plans to allow its customers to use cryptocurrencies to shop at the 26 million merchants on its network starting in early 2021 PYPL BTCUSD
52,0.0,neut,Bitcoin BTCUSD Major R S held bullish scenario expected Back in the business at new green arrow breakout
53,0.0,neut,BTCUSD on the verge of breaking 12000 and triggering this inverse H amp S W1 chart bullish if breaks amp holds above BTCUSD Bitcoin
54,0.25,pos,BTCUSD btc A close and hold bove 11470 also the big 618 fib is a 4hr buy to target 11925 next Otherwise a close back below 11388 means another swing lower to retest of 11230 support and potentially 10845 support Beware false breaks
55,1.0,pos,btc btcusd BTCUSD This is probably the most important chart yet imo For the past year we have a sharp increase in Stablecoins the nbr of btc held on exchanges is decreasing This is Bullish It s called accumulation People are buying 6 x
56,1.0,pos,btc btcusd BTCUSD Price following closely the Number of Active Adresses More people in the ecosystem gt more money comin gt btc price increase 3 x
57,1.0,pos,btc btcusd BTC OK so com is doing a closed beta and I m lucky enough to be able to test it Let s make a Big thread right here to connect Onchain Analysis amp Technical Analysis Is btc in a bull market or what 1 x
58,1.0,pos,BTC btcusd buy the dip
59,1.0,pos,To the Trolls amp Haters on the ETHUSD short Call Learn to be wrong like me BTCUSD sold the relative high after pivot long HVFMethod Will do YT soon on this topic
60,1.0,pos,btc btcusd btc Update 7 entire fractal 12 4 Praise the Illuminatis
61,1.0,pos,The psychological price of 10 000 has been an emotional reference point for investors over the years Investors are bearish when BTC is below 10 000 And bullish when above Bitcoin has managed to stay above 10 000 for four consecutive months now BTC BTCUSD Bitcoin
62,1.0,pos,BTCUSD BTC Bitcoin definitely has the Sketchy Dude Smile pattern going on right now the weekly chart
63,0.3333333333333333,pos,BTC BTCUSD Bitcoin Monthly 1M October candle has done very well to close just above 10 300 BTC has since gone up by 1 000 This is the 4th consecutive month that BTC has held above green area Important to see how BTC deals with the upcoming Monthly diagonal resistance
64,0.3333333333333333,pos,Bitcoin rises to a high of 11 100 as 19M BTCUSD shorts get liquidated at BitMEX Live Chart
65,1.0,pos,Flippening alert Out all ETHUSDT shorts DOTS Closed BTCUSD maybe a Long now
66,0.5,pos,Square invierte 50 millones en Bitcoin cree que la criptomoneda es un instrumento de empoderamiento econ mico SQ BTC BTCUSD
67,-1.0,neg,btc btcusd btc So basically here are the 2 possible paths I could see for btc
68,-1.0,neg,Bitcoin BTCUSD A month later update and guess what Comment on the chart have fun staying poor that s last month meme right not understanding what going on higher timeframe Markets aren t manipulative desceptive It s just doing the same things for centuries
69,-1.0,neg,BTCUSD Notes on this crazy high TF but I ll gladly give hopium when I see it 6M KDJ crossed bullish when it closed in July confirming an unmistakably bullish 6M hammer at the same time Last time KDJ crossed bull was 2014 with a 200 BTC low Last cross bear at 17k high
70,0.0,neut,I don t see how the news about Bitmex leads to the bitcoin price drop If their fund gets locked it would decrease the supply price should go high If they get closed less people would gamble and there would be less manipulation price should go high BTC BTCUSD BItMEX
71,0.0,neut,BTC BTCUSD Bitcoin Quarterly 3M If Bitcoin can Quarterly Close like this above 10 800 it would invalidate the long standing series of Quarterly Lower Highs dating back to late 2017
72,0.0,neut,btc btcusd BTC Update 6 entire fractal Ascending triangle retest
73,0.0,neut,btc btcusd btc Oct 2019 Xi Pump amp Today s PA
74,0.0,neut,BTC BTCUSD Bitcoin That was not relief
75,1.0,pos,BTC BTCUSD Bitcoin Broke down from its lower timeframe Rising Wedge But now we re seeing a recovery after setting new local lows BTC could reject from the bottom of the Rising Wedge If this is the case then this rally will be relief and BTC will experience downside again
76,1.0,pos,If I was asked today to recommend four books to my finance students these are the four I would select economy inflation economics money bitcoin btc btc btcusd gold silver gld slv fed FederalReserve BRRR
77,1.0,pos,looks like the intermediate term trends in cryptos are broken I puked BTCUSD ETHUSD LTCUSD Id rather buy higher with momentum than try to justify holding
78,0.5,pos,I know I have discussed this before but I find it hyper interesting to see btcusd reduced to just another risk on risk off asset
79,0.5,pos,Bitcoin drops to a weekly low of 10 490 as 11 5 million BTCUSD longs get liquidated on BitMEX Is this the low Or is more downside on the cards
80,0.0,neut,BTC BTCUSD Bitcoin Post crash relief rallies into the red box have resulted in rejection followed by further downside On this occasion though Bitcoin is trying to hold the bottom of this red box i e 10 800 as support Buyers need to step in here for BTC to avoid a drop
81,0.0,neut,Bitcoin long term regression curve technically we are still in the accumulation phase When the mean value level is broken price goes parabolic again Patience is the key Currently the mean price value is 17000 and the next ATH is at 70000 Both will go up BTC BTCUSD
82,0.0,neut,BTC BTCUSD Bitcoin Bitcoin just broke out and is currently overextending into the low 11 000s Watching for how the Weekly closes in the context of this area of historical supply
83,-1.0,neg,BTCUSD 11K approaching MARA
84,1.0,pos,BTC BTCUSD Bitcoin It s happening Price is now rallying towards 10 800 Overextension into the low 11 000s on this rally is not out of the question
85,1.0,pos,We are witnessing the greatest breakout in Bitcoin history and everyone is getting bearish at support btc btcusd
86,1.0,pos,BTC BTCUSD Bitcoin On the latest retrace Bitcoin broke down cleanly from its 10 800 Monthly level Relief towards 10 800 before the retrace continues isn t out of the question at this stage
87,1.0,pos,What are the chances the Fed Treasury is printing money and hammering BTCUSD all day long A parabolic rise in a decentralized store of value is a MUCH bigger threat than a similar move in gold Since we know they manipulate gold it stands to reason they re fucking with BTC too
88,1.0,pos,BTC BTCUSD Bitcoin 12 Month The 12 month candle still looks healthy with a great deal of bullish momentum behind it A 12M close above 14 300 later this year and Bitcoin will likely reach a new ATH in 2021
89,1.0,pos,Sept 2018 amp Now btc btcusd btc
90,1.0,pos,BTC BTCUSD Bitcoin It s not about perfectly timing the bottom Or perfectly timing the top It s about capturing the majority of the trend
91,1.0,pos,Bitcoin BTCUSD This is the bullish scenario for now If true I expect price to oscillate around that R S level with some volatility
92,1.0,pos,BTC BTCUSD Bitcoin Theoretically Bitcoin could retrace as far as 8 500 for a retest of the old multi year trendline resistance red and still maintain macro bullish momentum
93,1.0,pos,To try to predict this dump analyzing Options flows amp Onchain Exchange inflow Big transactions miners outflows was the PERFECT combo btc btc btcusd
94,1.0,pos,In early July I wrote an article about Bitcoin s historical price tendencies after its respective Halvings One of its key price behaviours suggests Bitcoin could retrace towards 9650 during a correction Check out the article BTC BTCUSD Bitcoin
95,1.0,pos,btc btcusd BTC It s been days I m saying I want 9755 Here is why Confluence of 200D SMA h amp s target CME gap Golden Pocket 61 8 fib retracement Livermore Accumulation cylinder 7
96,0.0,neut,Solo en Argentina la volatilidad del mundo crypto es nada comparado con la volatilidad de nuestra econom a Bitcoin Criptomonedas BTC ETH DAI USDT BTCUSD
97,0.0,neut,BTC BTCUSD Bitcoin And this is where price rejects Once support now the trendline is acting as resistance But given how strong the Weekly Close has been it s likely that BTC will soon be able to once again properly challenge for a reclaim of this 11 750 trendline
98,0.0,neut,BTC BTCUSD Bitcoin Bitcoin has Weekly Closed above 11 400 11 600 for the third straight week This has never ever been done before
99,0.0,neut,BTC Monthly Closed above 10 800 for only the second time in history in July And BTCUSD already pulled back to successfully test 10 8K as new support this August Technically BTC doesn t need to revisit 10 8K Which is why BTC holding 11 4K 11 6K is a good sign Bitcoin
100,0.0,neut,BTC BTCUSD Bitcoin Bitcoin is on the cusp of Weekly Closing above 11 400 11 600 for the third straight week This has never ever been done before
101,0.0,neut,Make sure to check out all the charts below Charts reviewed tonight SPY QQQ IWM VIX FB AMZN AAPL NFLX GOOG MSFT SPOT SHOP RKT INTC BIGC BYND ROKU TWTR OSTK SLV CRON AMD NVDA CRM VIAC FSLY SPCE BA DKNG NKLA SQ BTCUSD ETHUSD XRPUSD amp more
102,0.0,neut,BTC BTCUSD Bitcoin Monthly Only a few days away from the 1M Close The historic July candle broke 10 800 red for the first time since Dec 2017 Whereas price turned 10 800 into support in August Is BTC setting itself up for trend continuation in September
103,0.0,neut,Are we just repeating the same schematic the market makers used from May gt July BTC BTC BITCOIN WYCKOFF REACCUMULATION MOONLAMBOS MOON CRYPTO BTCUSD XBTUSD
104,0.0,neut,BTC BTCUSD Bitcoin It s official The almost 30 Day micro uptrend has been lost
105,0.0,neut,BTCUSD BTC Going into a very bullish seasonal trend for the month of September Using TA symmetrical triangle breakout and seasonality looking at the positivity rate in September to get an edge i the markets Bitcoin
106,-0.5,neg,This is Bitcoin Weekly chart which ur prema bulls influencers R not showing to U As for now 4H EMA200 is trying to hold But We must reclaim 11760 on daily otherwise retesting the yellow zone is on the table 10100 Share it BTC BTC BTCUSD XBTUSD Trading Crypto
107,-0.5,neg,BTC BTCUSD Bitcoin Monthly Could it be That July was the breakout candle August was the pullback candle And September will be the trend continuation candle
108,1.0,pos,Looking for a upside reversal here to initiate a long BTCUSD
109,1.0,pos,BTC BTCUSD Bitcoin Over the weekend Bitcoin was able to close above the Higher Low and claim it as support The technical uptrend is therefore still intact Bitcoin will continue to maintain this current market structure until further notice
110,1.0,pos,BTC BTCUSD Bitcoin For the first time ever Bitcoin has been able to keep the 11 400 11 600 as support for two weeks in a row
111,0.0,neut,BTC BTCUSD Bitcoin Still maintaining the 11 400 11 600 demand area heading into the Weekly close Keeping this old resistance as a new area of support is good news
112,1.0,pos,Pendiente de BTCUSD como indicador temprano de giro en la liquidez global
113,1.0,pos,BTC BTCUSD Bitcoin 52 Week Timeframe Zoom out Keep the macro perspective in mind
114,-1.0,neg,BTC BTCUSD Bitcoin Despite the recent downside Bitcoin is still in a technical uptrend as long as it holds the Higher Low 11 500 of its current structure
115,-1.0,neg,BTC BTCUSD Bitcoin Two weeks ago BTC Weekly Closed above 11 400 11 600 for the first time since late Nov 2017 Last week BTC successfully turned this old resistance area into new support This week BTC is dipping into this area to reaffirm it as new support once again
116,-1.0,neg,btc btcusd btc Note to myself again BTC move in channels Ascending triangles are just a mirage
117,-1.0,neg,BTC BTCUSD Bitcoin Bitcoin still looks incredible on the Monthly Price hasn t been able to establish such solid bullish momentum above 10 800 since December 2017
118,-1.0,neg,BTC BTCUSD Bitcoin Brokeout from its continuation structure Now BTC is retesting it Notice how Altcoins are hovering at their own support levels They are waiting for BTC to confirm this retest so that they can confirm their rebounds as well Altcoins are waiting to follow
119,-1.0,neg,BTC BTCUSD Bitcoin Retest attempt in progress
120,-1.0,neg,BTC BTCUSD Bitcoin Bitcoin hasn t seen such solid bullish momentum on the Weekly since December 2017
121,-1.0,neg,BTC BTCUSD BTC xauusd xau Gold Fractal How would that make you feel
122,-1.0,neg,Technical analysis 101 in Bitcoin BTCUSD It Broke out with force on July 25 from a perfect multiyear triangle now up 3k from my below setup Playing catch up to GOLD and given the size of the triangle we just broke from this move is young with 15k then 24k targets next
123,0.0,neut,Dump it as hard as possible BTCUSD
124,0.0,neut,BTCUSD With today s move to 12 5k we ve breached a former resistance at 12 2k which will ideally hold before jettison to 13 3k After 13k I see us climbing back easily to 17k with limited daily resistance shown here in the chart Potentially seeing 20k by Jan
125,0.0,neut,I imagine that someone is complaining about the BTCUSD rally Not me a picture perfect advance so far
126,0.5,pos,BTC BTCUSD Bitcoin Bitcoin has successfully retested the 11 400 11 600 area into new support for the first time since early December 2017
127,0.0,neut,Bitcoin is literally going to explode this coming week mark this post BTC BTCUSD
128,1.0,pos,BTC BTCUSD Bitcoin Bitcoin needs to Daily Close above this trendline resistance to confirm a breakout and bring an end to the recent FOMO wicking tendency past this level
129,1.0,pos,BTCUSD longer term out look Back in 2014 2015 You had a bullish line break Back in 2018 2019 You had a bullish line break and BTC rallied big Remarks You are seeing the same line break indicating balance of probability multi month bull market bitcoin
130,1.0,pos,Today s Chart of the Day was shared by Click here to read more Bitcoin BTCUSD BTC X cryptocurrencies
131,1.0,pos,While all the attention is on GOLD amp SILVER don t forget about Bitcoin BTCUSD Technicals are lining up very nicely 1 It broke out of a multi year bullish triangle on July 28th 2 Since then its been bull flagging meaning another rally likely Targets remain 15k then 24k
132,1.0,pos,This is how the supply and demand dynamics look to me 26 000 next after new ATH Then 40 000 Bitcoin BTC X BTCUSD
133,0.3333333333333333,pos,BTC BTCUSD Bitcoin Over two week uptrend line is still holding In fact every time BTC would print a green candle just above this Higher Low a volatile red candle would follow And these red candles would precede upside Upside tomorrow should the Daily close above the HL
134,0.25,pos,BTC BTCUSD Bitcoin Quarterly 3M Bitcoin bull market confirmed cryptocurrency
135,1.0,pos,Many markets are extended after rallies NDX SPX etc but for those interested in chasing there are numerous markets still basing or recently broken out from major consolidations Energy xle Bitcoin btcusd and financials come to mind and likely to benefit from rotation
136,0.0,neut,This technique can be used in ANY market to find laggards vs leaders In this case we are using the anchored VWAP from ATHs as a constant BTCUSD ETHUSD XRPUSD LTCUSD Bitcoin Ethereum Ripple Litecoin Watch below you don t want to miss this
137,0.0,neut,11 400 holds again on BTCUSD for the bulls and today s dump turbo rip up confirms the level and momentum Weekly resistance at 12 000 12 300 Nothing but sky up to 13 000 after that level If above 11 400 but ze dips If below wait for 10 700ish
138,0.0,neut,BTC BTCUSD Bitcoin 12 Month Timeframe The 12M timeframe shows that BTC behaves in 4 year cycles Each cycle has distinct phases Bitcoin is currently in Phase 4 This year BTC will try to break amp close above 14 334 to rally to new ATH in 2021
139,0.0,neut,BTCUSD Boom
140,-0.5,neg,Excellent rally in bitcoin BTCUSD up over 2k since my post below It broke out of a multi year bullish triangle with force Bitcoin may be the new kid on the block but the same old classic patterns that apply to all financial assets still apply Trend is up with 15k next target
141,-0.5,neg,BTCUSD 11647 SPX 3351 continues to be correlated Bitcoin outperforming Global Markets with a 60 move from Jan Blockchain sector continues to be the hottest sector OTC and Small Caps OTC BFCH EPAZ BZTG UNGS SWRM Small Caps MARA RIOT BTCUSD 12 5 13 5k soon
142,1.0,pos,BTCUSD We were on the edge last Sat night as it hit 12K 118 currently What do you think
143,1.0,pos,BTCUSD
144,1.0,pos,BTCUSD 11 838 70 Balance of Probability Supports 11002 10525 10278 Elliot Wave Theory Wave 5 Potential 12 585 13 000 BOX is MASTER SUPPORT Remarks BLOCKCHAIN STOCKS REMAIN BULLISH
145,1.0,pos,BTCUSD We can touch 12K in the next several hours
146,1.0,pos,BTCUSD eso es por ahora un throwback en semanal Bitcoin
147,1.0,pos,Looks like a good possibility we may see 11900 some point tomorrow BTCUSD MARA
148,0.5,pos,BFCH 028 bitcoin blockchain BTCUSD mining play Volume Heavy Day 21 921 699 10 day average volume 8 802 182 Master support 0236 24 25 26 Pivot 045 Potential 25 1 00 Remarks This is the MARA of OTC same sector DD below
149,0.0,neut,i ll move all the funds of me and my partners from once and for all I am not willing to accept this happening at all If you can not provide a minimum of liquidity against this kind of wick while there are so many alternatives that can you don t deserve it BTCUSD
150,0.0,neut,BTCUSD I wonder where MARA will be at 12k
151,0.5,pos,Bitcoin on a weekly time frame an inverse head and shoulders formation with the target at around 16800 I personally do not think that it is valid from the strict TA standpoint but as a self fulfilling prophecy could play out BTC BTCUSD
152,1.0,pos,Bitcoin looks like its about to explode higher to me BTCUSD
153,1.0,pos,MARA 3 31 BTCUSD Fibonacci Retrace ment levels and support Confirmation 2 week close above 1 75 Remarks Balance of Probability 7 06 with 2 closes above 1 75 on Friday 4pm
154,0.5,pos,Heads up for a potential head and shoulders formation on a 4h time frame The target would be around the CME gap bitcoin BTC BTCUSD
155,0.5,pos,Noticing when BTCUSD cools off MARA does not drop to new lows instead only higher lows waiting and waiting for bitcoin to move up again This is exponential
156,0.0,neut,BTCUSD 11706 going waking up Monday 12k is gonna be crazy MARA
157,0.0,neut,Bitcoin going out this month at new multi year highs Not evidence of a downtrend BTCUSD BCOIN Bitcoin
158,0.0,neut,BTCUSD 11 666 showing strength and leans on balance of probability to break 12k and potentialy test Short Term Medium Target 13 585 The Move in bitcoin still correlates with stock market BTCUSD is outperforming stockmarket Blockchain stocks on High ALERT MARA 7
159,-0.5,neg,BTC BTCUSD Bitcoin Perfect breakout Pullback into the Ascending Triangle top to S R flip Followed by continuation Fantastic strength on this breakout AND Bitcoin recently managed a historic Monthly Close above 10 800
160,0.0,neut,MARA 2 43 high after hours BTCUSD Week 1 Closed above 1 75 Remarks 2 week close above 1 75 Potential 7
161,0.0,neut,BTCUSD BTC Bitcoin Have you used Raindrops and Hollow candles side by side You definitely should it allows you to see WITHIN the candle
162,0.0,neut,BTC BTCUSD Bitcoin The bulls win The breakout continues
163,0.0,neut,Bitcoin monthly Heikin Ashi candles A very similar structure of the three regions including the current sideways price action red major bear gt weak green fake rally gt red BTC goes to 0 gt strong green candles do not have lower shadows disbelief BTCUSD
164,0.0,neut,BTCUSD recuerden que no s lo es llegar a la l nea que la rotura no sea falso cruce que debe existir un pullback una vez rota que hasta ahora en semanal no sali miren d nde est Bitcoin
165,0.0,neut,btc btcusd btc Are we allowed to dream Anon
166,0.0,neut,Even is buying MARA in sympathy to BTCUSD 11k breakout shortsqueeze
167,0.0,neut,So we ve seen the consequences of follow through out of a BB Squeeze time for the h8trs to try bashing BTCUSD
168,0.0,neut,MARA 1 75 kiss of 100 MA just a beautiful start to a bullish beginning Potential 7 Bullish Sector BTCUSD blockchain
169,0.0,neut,ALTSEASON Checklist 1 Bitcoin rallies 2 Money begins to flow from BTC to Large Caps like Ethereum 3 BTCUSD and ETHUSD move sideways 4 Decline in Bitcoin Dominance 5 Money flow from Large Caps to Mid Caps amp Low Caps Bitcoin
170,0.6666666666666666,pos,BTC BTCUSD Bitcoin For the first time ever Bitcoin has managed to confirm a breakout past the long standing red trendline resistance that dates back to mid December 2017 Crypto cryptocurrencies
171,1.0,pos,BTCUSD en aritm tica rompi en logar tmica no No duerme nadie hoy no Bitcoin compresi n semanal
172,1.0,pos,MARA 1 04 blockchain bitcoin BTC play on high alert with BTCUSD breaking 10k expected 12k Rule of 3 Golden Cross Bull Flag weekly Bullish Cup and handle Hot sector blockchain Remarks BTCUSD just broke 10k Short squeeze expected Pivot 1 77 Potential 7 higher
173,1.0,pos,Bitcoin BTCUSD is setting up for a move likely to follow in GOLD s footsteps We re coiling into a multi year triangle and these don t resolve with small moves Given the trend entering this pattern was up this should resolve the same way with 15k then 24k targets
174,1.0,pos,Bitcoin BTCUSD Bull market is in since 1st April 2019 When you remove the crash covid trend is quite pristine I frequently argue with people who are still looking for shorts entry on the crypto markets Dismiss them Look for buy entries instead
175,1.0,pos,Bitcoin has enjoyed price consolidation after every Halving And Altcoins have rallied strongly during these periods of BTC consolidation This period of time after Halving 3 has been no different History is repeating itself BTCUSD Crypto Bitcoin
176,1.0,pos,DXY daily bull div EURUSD daily and larger bear div AUDUSD daily and larger bear div Gold daily and larger bear div Silver D3 and weekly bear div SPX daily and monthly bear div IXIC daily and higher bear div BTCUSD daily bear div
177,1.0,pos,OK there is the first lift in the BB Squeeze Now we need to see follow through or we ll be setup for real trouble a Head Fake BTCUSD
178,0.0,neut,BTC BTCUSD BTC Thread on several Models indicators On Chain Analysis Part 2 Update at btc 9300 July 2020 massive multi months consolidation Is BTC a BUY
179,0.0,neut,BTC BTCUSD Bitcoin Bitcoin is still holding what will soon turn into a 3 month uptrend line cryptocurrencies
180,1.0,pos,Never short a quiet market BTC BTCUSD
181,1.0,pos,Descending channel has been broken to the upside on a higher volume Let s see if the resistance will become support or that was a fake breakout Could be a nice long entry if that support holds bitcoin BTC BTCUSD
182,1.0,pos,When bitcoin historical volatility percentile approaches a zero level it usually marks the start of a new trend or at least a strong price move Guess where we are now BTC BTCUSD
183,1.0,pos,BTC BTCUSD Bitcoin Bitcoin is threatening to lose its 2 5 month uptrend line But we ve seen downward wicks past this Higher Low many times Which is why it s better wait for a 1D close relative to this uptrend line for a confirmed trend Crypto cryptocurrencies
184,1.0,pos,BTC BTCUSD Bitcoin Dominance 1W A Weekly close below the dashed black level will mean that this recent bounce in Bitcoin Dominance will have been a relief rally before enjoying further downside Further downside Altseason continues cryptocurrency Crypto altseason
185,0.0,neut,Starting to get long on BTCUSD again
186,1.0,pos,Like how the bands are narrowing and BTCUSD is staying above the center line
187,-1.0,neg,Starting to get constructive on BTCUSD again
188,-0.5,neg,Daily Bollinger Bands width is approaching to its 20 months low bitcoin BTC BTCUSD
189,0.75,pos,here s a great lesson on waiting for the breakout anticipating this one has been costly patience BTCUSD BTC X Bitcoin
190,0.5,pos,BTC BTCUSD Bitcoin Still keeping the 2 5 month uptrend line as support Crypto
191,0.5,pos,007 tsla before you go running and selling your tsla stock or calls because its too high and can not possibly go any higher do yourself a favor and study daily charts of vw oct 2008 qcom nov 1999 btcusd 2017 etc big money is made by sitting tight and do not panic
192,1.0,pos,If you re a Bitcoin investor and are disappointed with Bitcoin s performance after the Halving Then you really need to check this article out Post Halving consolidation is normal by standards of Bitcoin s price history BTC BTCUSD Bitcoin
193,-1.0,neg,BTC BTCUSD Bitcoin Bitcoin is still holding its 2 5 month uptrend line Crypto
194,-1.0,neg,BTCUSD actualizo cruz el 50 de la formaci n prueba superada Bitcoin compresi n semanal
195,-1.0,neg,BTC BTCUSD Bitcoin Bitcoin is challenging its long standing trendline resistance for the 5th time in the past 6 weeks This red trendline dates back to mid December 2017 Crypto
196,1.0,pos,New Price Targets episode folks Content BTCUSD ETHBTC and ETHUSD 5 minutes per pair Shoutout to everyone for the feedback from last week Check out it out
197,0.6666666666666666,pos,ALTSEASON Checklist 1 Money flows from BTC to Large Caps like ETH 2 Decline in Bitcoin Dominance 3 BTCUSD moves sideways 4 Money flows from Large Caps to Mid Caps amp Low Caps 5 Altcoin Market Cap breaks out 6 DOGE breaks out Bitcoin
198,-1.0,neg,BTC BTCUSD Bitcoin Dominance 1D Clean breakdown Welcome to Altseason cryptocurrency Crypto
199,1.0,pos,BTC BTCUSD Bitcoin Bitcoin is currently forming an Ascending Triangle against its 2 month uptrending trendline Initially the reactions from this Higher Low were sharp amp quick Over time however the consolidation periods have been getting longer Crypto cryptocurrency
200,1.0,pos,BTC BTCUSD Bitcoin Dominance 1D Breaking down from a multi month uptrend line orange Clean breakdown from here means Altseason continues cryptocurrency Crypto
201,1.0,pos,So a small recap of all the bull amp bear arguments I found past weeks btc btcusd BTC Thread 1 x
202,-0.5,neg,BTCUSD Natal solar cycle bitcoin btc
203,0.0,neut,BTCUSD denominated in Gold vs USD vs MSFT dot com bubble re accumulation
204,-1.0,neg,Holy moly that was a lot of charts Please give us a like if this was helpful Reviewed SPY QQQ IWM XBI XLE XLF BTCUSD ETHUSD GLD SLV FB AMZN AAPL NFLX GOOG CRON CGC TLRY ATVI GE MRO BA ROKU DIS DAL M TSLA WORK NCHL JPM DDOG SAVE PENN
205,-1.0,neg,btc btcusd btc Each time we got a weekly Stoch when Stoch gt 70 cross down we got a pretty heavy correction Each Time Even in massively bullish 2017
206,-1.0,neg,Mercury retrograde and bitcoin BTCUSD
207,-1.0,neg,btc btcusd BTC One Bear Fractal to rule them all One Bera to find them One Bera to bring them all and in the darkness bind them
208,-1.0,neg,Square s cash app reported 50 of all payments in bitcoin Read my full analysis on why bitcoin is a transformative protocol that is often misunderstood SQ BTC PYPL BTCUSD ETH DXY
209,0.0,neut,BTCUSD Bitcoin BTC Quite possibly my favorite chart currently that I have created idk why
210,-1.0,neg,Is Bitcoin dominance about to breakdown BTCUSD puts a bearish retest on range EQ ETHBTC continues to consolidate under resistance XTZ sitting at a very interesting location BTC dominance looks ready to reward altcoin traders cryptocurrency altcoins
211,0.0,neut,Bitcoin falls to a low of 9 262 as over 25 million BTCUSD longs get liquidated at BitMEX
212,1.0,pos,btc btcusd Reviving this thread Even if we didnt get the parabolic blow off top in 2020 structure is still hella similar Now forming a multi months ascending triangle Just a kind reminder that s exactly how btc got out of 2015 s bear market 2020 to repeat history
213,1.0,pos,DEFI MKR COMP If that doesn t look like an accumulation range breakout Looks a lot like BTCUSD accumulation in 2015
214,0.0,neut,XVG fans like and retweet if you would like me to do another chart and pricing analysis XVG XVGBTC Bitcoin BTC BTCUSDT BTCUSD BTCUSDT Crypto cryptocurrencies cryptotrading btcusd vergecurrency
215,-1.0,neg,btc btcusd BTC Just another shitty bull fractal so I can be mad when it dumps later
216,-1.0,neg,Historically it has taken many weeks for BTC to break into a new trend after its Halving This is the 5th week post Halving that BTC has consolidated Weeks from now if BTC is to break out into a new bull trend This would be the range to do it from BTCUSD Crypto Bitcoin
217,1.0,pos,Bitcoin falls to a low of 9 012 before quickly retracing its move over the next 45 mins During the move nearly 50 million was liquidated at BitMEX 49 million of which were BTCUSD longs
218,0.0,neut,We overlaid a few major events over the past 18 months on a BTCUSD chart with Stock to Flow model applied h t Phase4 Bitcoin
219,0.0,neut,BTC BTCUSD Bitcoin What if Bitcoin just broke out of its 6 week range and is now attempting to turn 9650 into new support so as to springboard to higher price levels Crypto
220,0.0,neut,It s been a long time since I ve done a fractal so why not btc btcusd
221,0.0,neut,Let s take a look at how some of the most renown tech stocks are performing against Bitcoin BTCUSD over time AAPL vs BTCUSD AMZN vs BTCUSD GOOG vs BTCUSD NFLX vs BTCUSD Wow not so hot huh h t WhatsYourDenominator
222,1.0,pos,btc btcusd btc Greetings Bitfinex whale
223,1.0,pos,BTC BTCUSD Bitcoin Daily While people may be panicking about today s pullback it s actually an important technical step for BTC Price is trying to retest 9650 as support For most of May Bitcoin has failed to do so Here s the 5th try this month Crypto
224,0.0,neut,BTC BTCUSD Bitcoin Weekly 9650 is the level to watch right now Another Weekly close below 9650 amp BTC could reject Weekly close above 9650 and BTC would briefly move higher with a pullback into 9650 for a retest attempt to follow a week or two after breakout Crypto
225,0.0,neut,Bitcoin price major trends do you believe in coincidences or TA In any case it seems that the next year will be very interesting for BTC BTCUSD
226,0.0,neut,The is a Head Fake at the upper Bollinger Band for btcusd time to be cautious or short
227,0.0,neut,BTCUSD This is a STRONG resistance that has been rejected 3 times over the last 265 days ranging from 3 60 drops Bitcoin Cryptocurrency BTC
228,0.0,neut,BTC BTCUSD Bitcoin If the 1W closes as a Gravestone Doji a typically bearish reversal candlestick at a resistance that has figured as a significant point of rejection since mid December 2017 Chances of a breakout get slim BTC still has some time to fix this Crypto
229,0.0,neut,BTC BTCUSD Bitcoin Breakout pullback retest continuation Needs to 1D close above 9600 for this to still be a possibility Crypto
230,0.0,neut,BTCUSD Bitcoin down 10 in a 5min candle and how is your day going
231,0.5,pos,Le Bitcoin est toujours recherch et s approche d une barri re historique 10550 L ventuelle rupture de ce seuil serait significative alerte pos e BTCUSD
232,0.5,pos,BTCUSD est poniendo a prueba al 1 Bitcoin compresi n diaria
233,-1.0,neg,btc de bo a tuza kokusu Binance btcusd cumartesi btct rk
234,0.6666666666666666,pos,BTC BTCUSD Bitcoin Is BTC forming a small flag below resistance of its macro pattern Maybe But we ve seen this sort of flagging below resistance in early May For this small flag to play out it needs to either break 9580 soon Or hold 9 400 on the pullback Crypto
235,1.0,pos,If BTCUSD crams some wax in its ears and so misses the Siren s song we could see a nice rally here as the psychological resistance at the round number gets torn out
236,0.0,neut,BTC BTCUSD btc If btc can t take 10k resistance now I think btc will go the 6k6 7k1 region to form an iH amp S Confluence of 100W SMA Left shoulder horizontal support Daily S1 61 8 fib retracement of rally from 4k to 10k Yearly Open THREAD 1 x
237,0.0,neut,I never noticed this before btc btcusd BTC Bitfinex whale kindly giving us directions
238,1.0,pos,ALTSEASON Checklist 1 Bitcoin rallies 2 Money begins to flow from BTC to Large Caps like Ethereum 3 Decline in Bitcoin Dominance 4 BTCUSD moves sideways gradually declines after an exponential rally 5 Money flow from Large Caps to Mid Caps amp Low Caps
239,1.0,pos,bitcoin CME CommitmentofTraders btcusd xbtusd Still think we head higher without making a swing for 3000 again
240,0.5,pos,BTC BTCUSD Bitcoin Dominance 1D Just broke down from a key area If BTC D follows through on this orange trajectory That would mean that Altcoins will have a few great weeks of price appreciation lasting until EoQ2 Altcoin Prices follow Altcoin Hype cryptocurrency
241,0.5,pos,Bitcoin The wall 10000 BTCUSD
242,0.5,pos,BTCUSD Bitcoin 10500 break this speeds up in a big way IMO Super constructive look to this
243,0.3333333333333333,pos,BTC BTCUSD Bitcoin As long as BTC stays above the black diagonal for the next 4 hours until the 1W close Bitcoin should have a good chance at breaking the blue Daily diagonal flag resistance to challenge for the lower 10 000s next week Crypto
244,0.3333333333333333,pos,1 000 000 worth of bitcoin LONGED 9780 11 17 05 20 17 40 03 Exchange bybit Pair BTCUSD Move slow Luke Martin
245,0.0,neut,BTCUSD We will be back below 9000 in no time I hope people shorted the top with me again
246,0.0,neut,BTC BTCUSD Bitcoin This trendline has been a strong resistance since mid December 2017 A Weekly candle close would most likely confirm a new era for Bitcoin s price Weekly close looking promising at this time but price needs to stay above 9100 until end of week Crypto
247,0.5,pos,btc btcusd btc Fractal mode Engaged
248,0.5,pos,Sometimes bitcoin price follows the simplest patterns Here is a bear flag with the target around 7650 which also matches a high trading volume support zone and the 38 2 Fibonacci retracement level BTC BTCUSD bitcoin
249,0.0,neut,BTC BTCUSD Bitcoin Rejection from diagonal resistance upon Weekly close If BTC holds 8550 Price could relief rally to the low 9000s before rejecting Breakdown from 8550 gt revisit of high 7000s Get ready for the next move on PrimeXBT ad
250,0.5,pos,BTC BTCUSD bitcoin
251,0.0,neut,btc btcusd btc btc daily amp btc hourly see some similarities Fractals4Ever
252,1.0,pos,Ok I didn t put this together but I did find it interesting BTCUSD SPX
253,0.5,pos,BTCUSD el tri ngulo que sigo solo se anula si rompe la formaci n antes de junio Bitcoin compresi n semanal Crypto
254,0.5,pos,Descending broadening wedges for upward breakouts use the highest peak A in the chart pattern as the target Thomas N Bulkowski BTC BTCUSD bitcoin
255,1.0,pos,is it going to be like this everyone seems to think so BTCUSD bitcoin btc x BCOIN
256,1.0,pos,FF today all underrated follow em crypto99 Crypto btcusd btc ltc
257,1.0,pos,BTCUSD This level has lots of sell orders by big whales which leads me it is a prime area to open shorts if we can gradually move above there sometime this month Do not buy BTC at these high levels because especially after halving we will see a big dump mining collapse
258,0.3333333333333333,pos,Is the bottom in bitcoin BTC BTCUSD Halving
259,0.3333333333333333,pos,bitcoin BTC BTCUSD
260,0.3333333333333333,pos,BTC BTCUSD Bitcoin BTC at major resistance A HTF breakout past this point would be ideal Why a Potential FOMO wicks b 1D candle closes have happened here c Short lived pullbacks to test diagonal as support have happened before breakdown More on this in my YT video
261,0.0,neut,btc btcusd BTc Orderbook is pretty thick on the bid side tbh
262,0.0,neut,BTC BTCUSD Bitcoin Quarterly 3M Bitcoin has rallied over 40 since the beginning of its Quarter in early April Price is currently at a key resistance that once broken will most likely confirm a Bitcoin bull market cryptocurrency
263,1.0,pos,BTC BTCUSD Bitcoin 12 Month Timeframe Remember Bitcoin s crash from a few weeks back Neither does Bitcoin s 12 Month price chart Bitcoin has since fully recovered from the crash In fact the crash looks like minor volatility in the grander scheme of things Crypto
264,1.0,pos,BTC BTCUSD Bitcoin 12 Month Timeframe If we zoom out turns out the historic crash may have just been one huge pre Halving shakeout Bitcoin s price is back on track when it comes to its 4 Year Cycle It s as if the crash never happened Crypto
265,1.0,pos,BTCUSD No other Crypto page is talking about the CME Gap at 3 550 which will likely be hit sometime this year I recommend people have some spare fiat left for the inevitable drop whenever it may be to accumulate at these ranges Bitcoin CryptoWhale BTC
266,1.0,pos,Bullish pennant A 100 target matches highs in February and October A 34 target matches the previous high Keep in mind though that break even failure rate for up down breakouts is 54 56 T Bulkowski BTC BTCUSD bitcoin
267,1.0,pos,BTCUSD RETRACEMENT COMING RSI OVERBOUGHT 9K CME GAP FILLED STRONG RESISTANCE We have another CME gap 7650 that opened up on April 24th which will 100 be filled This means we WILL go below 8K again
268,1.0,pos,BTC BTCUSD Bitcoin Bitcoin s Monthly close is just around the corner If price continues to rally like this the Monthly may very well close in a way that engulfs the candle body of the previous month BitcoinHalving
269,0.0,neut,BTC BTCUSD BTC UPDATE 2 If this fractal continues now is the parabolic stage o
270,1.0,pos,Why do all the robinhood charts I see show straight up accumulation into stocks getting worked Not even a downtick Is the millenial trader belief and pain tolerance that strong 68tn being inherited by these guys over next 20 years Good for btcusd
271,-0.5,neg,BTCUSD preparing to straight send it IMO I haven t felt this bullish since Jan 2019 Been saying it since initial 5k surge in beginning of April See you on the rocket
272,0.0,neut,BTC BTCUSD Bitcoin It s exciting to think about BTC breaking out from this longterm triangle But that shouldn t be the focus now This breakout could take weeks or even months Our focus should be on BTC staying above 7250 to enable a run to 9300 intra triangle movement
273,0.0,neut,BTC BTCUSD Bitcoin The algorithms are back I wonder how this is going to end Crypto
274,0.0,neut,Bitcoin Hash Ribbons has left the red capitulation zone flashing buy signal Two last times such a signal was followed by the price of bitcoin grown by 260 and 45 correspondingly Will see how it goes this time BTC BTCUSD bitcoin
275,1.0,pos,Resistance becoming support a very similar thing was during the last rising trend in January February 2020 On the one hand it looks very healthy on the other hand we all know what happened next bitcoin BTC BTCUSD XBT
276,1.0,pos,Here s BTCUSD 19th March Everyone forgets about the dollar side of the equation
277,1.0,pos,Highest conviction view over the next 1 3 yrs is that CB balance sheets are going in one direction up Given this premise it seems the best form of expression is via BTCUSD While the chart below will need to prove itself it holds weight both empirically and intuitively
278,0.5,pos,Dow Jones in 1930s and 2020 Nobody knows what will happen with the global economy but if is right the crash is far from being over DowJones SPX500 SPX NASDAQ100 DJA DJI SPX NDX bitcoin BTC BTCUSD XBT
279,0.5,pos,Ultra bearish scenario for bitcoin based on the previous bear market dynamics and Fibonacci retracement levels log scale the bottom should be at 1000 the bear market will continue until the end of 2021 BTC BTCUSD bitcoin XBT
280,0.5,pos,BTCUSD and friends moving into Squeeze territory What time is it
281,0.0,neut,BTC BTCUSD Bitcoin The latest Weekly close means that this is the 6th week in a row That Bitcoin has been wicking towards and getting rejected from the 7000 7250 resistance area Crypto
282,-1.0,neg,BTC BTCUSD Bitcoin This is the 5th week is a row That Bitcoin has been wicking towards and getting rejected from the 7000 7250 resistance area Crypto
283,1.0,pos,Para no perder la perspectiva as va el 2020 TLT 20 91 GLD 10 31 AGG 4 06 UUP 3 45 LQD 2 72 QQQ 6 32 HYG 6 52 BTCUSD 6 84 SPY 14 01 FINX 15 07 VNQ 15 32 NOBL 17 28 EFA 20 57 EEM 22 07 IWM 25 80 MJ 34 42 USO 61 09
284,1.0,pos,Bitcoin One day left till we get the weekly close a close like this is BEARISH Nothing more a bearish retest or December lows with Shooting star weekly candle 6200 5900 5400 5150 are in Play BTC XBT XBTUSD BTCUSD BTC BTCUSD XBTUSD Crypto
285,1.0,pos,What are the odds we would be looking at both the crypto and the stock market crawling along a massive bear flag Stay tuned BTCUSD XRPUSD DJI SP
286,1.0,pos,btc btcusd btc Well f ck that s similar
287,1.0,pos,As the liquidity tsunami eventual inflation narrative slowly starts to take hold with larger macro based traders watch for more of this BTCUSD
288,1.0,pos,btc btcusd btc is it me or is it starting to look like the slow grind we had at the end of the 3 2k accumulation bottom
289,1.0,pos,The progress in Bitcoin to even a small countertrend target belies weakness we have taken what we made amp run post our CRypto finds session An inverse BTCUSD chart illustrates how soon the next CRypto attack maybe
290,-0.5,neg,Is it me or ETHUSD always looks a lot more clearer than BTCUSD in terms of levels
291,0.0,neut,of cryptocurrencies 55 off 100d high vs BTCUSD Historically this has marked selling exhaustion and led to a ST bounce or the beginning of a new trend
292,0.0,neut,BTC BTCUSD Bitcoin Quarterly 3M Latest Quarterly close shows a slowing down in the sellside action that BTCUSD has experienced over the past few Quarters Another major low past green is possible but BTC looks like it will slowly curl up over time
293,0.0,neut,btc btcusd btc idk if we are distributing here but it hella looks like it
294,0.0,neut,Heads up A potential H S on a 4h TF with Stochastic RSI tops and 50MA as resistance Also some charged bearish TD Sequential candles on a 1h TF Confirmation on a breakout needed So far we are merely printing a right shoulder 4650 if plays out though BTC BTCUSD bitcoin
295,1.0,pos,Bitcoin tested prior support and it acted as resistance the trend is lower BTC X BTCUSD
296,0.0,neut,btc btcusd btc Until we are out of this channel i don t see why after testing the upper bound we shouldnt test the lower bound
297,1.0,pos,BTC BTCUSD BTC Was March 12th the TSO of a 3 years long Wyckoff Accumulation Thread 1 6
298,0.6666666666666666,pos,BTC USD BTCUSD BTC USD Bitcoin Possible bear flag Long or short it with BTC on Trade8
299,0.0,neut,btc btcusd Why i m having a hard time being bullish here
300,-1.0,neg,Bitcoin is continuing to follow the Bump and Run Reversal pattern BTC BTCUSD bitcoin
301,0.0,neut,BTC BTCUSD Bitcoin Reminds me of a Hanging Man candlestick formation Should this be the case Bitcoin will see further downside from here Crypto
302,0.0,neut,BTC BTCUSD Bitcoin Monthly The green box is a key point of reference in terms of directional bias for Bitcoin heading into the Monthly close A close below the green would see price occupy the lower half of this macro triangular market structure in April Crypto
303,0.0,neut,Longing BTCUSD is essentially shorting the US dollar I d say that is a great idea right now
304,0.0,neut,Para mantener la perspectiva As van USO 60 00 US oil MJ 44 96 Cannabis IWM 37 29 Small Caps EEM 29 85 Emergentes VNQ 29 31 REITs NOBL 25 36 Dividendos BTCUSD 25 25 Refugio SPY 24 70 SP500 etf GLD 1 37 Oro UUP 4 68 USD TLT 11 52 Bonos
305,0.0,neut,Warning to my Crypto Followers very enegaged on Traditional markets thru BTCUSD is setting up structure for new Lows Sub 3K s Sorry not good news Bitcoin new post boom lows possible
306,0.0,neut,BTC BTCUSD Bitcoin There s no question about it Many weak hands panic sold on this latest 53 crash in Bitcoin s price action But how many long term HODLers sold Probably not many How many bargain hunters will be stepping in ahead of the Halving To be continued
307,-1.0,neg,BTC BTCUSD Bitcoin 10W The most recent 10 Week candle opened yesterday It shows some initial follow through after a crash to the bottom of this triangular market structure Crypto
308,1.0,pos,BTC BTCUSD BTC Thread on several Models indicators On Chain Analysis post Doom Drop Is BTC a BUY
309,1.0,pos,BTC BTCUSD Bitcoin Latest 1W close above the 200 Weekly EMA was positive but the sell off continues Price is threatening to tap the top of the ranging period 4150 that preceded a 230 rally to 13 900 The top of the ranging period is confluent with the macro trendline
310,1.0,pos,Can someone create an infinite loan loop and just buy all BTC with that toiler paper money Then crash the dollar so the loans pays itself by higher BTCUSD prices Voila you just saved Bitcoin this is a joke but if I could I d do it
311,1.0,pos,BTC BTCUSD Bitcoin What if This latest capitulation was merely a macro pullback following the Ascending Triangle breakout past 4150 And now Bitcoin pulled back to test 4150 into new support before continuing its trend Crypto
312,0.0,neut,BTCUSD If you were long and wrong yesterday in BTC and down 30 hang on we should bounce from here back to 8500 This is why I m still bullish and we are 50 off the lows
313,0.0,neut,BTC BTCUSD Bitcoin Bitcoin has dropped over 26 today The Black Swan event has strongly impacted Bitcoin s price and has most likely invalidated its key historical pre Halving price tendencies Weekly close will be crucial in terms of confirming this Crypto coronavirus
314,-1.0,neg,BTC BTCUSD Bitcoin Now that Bitcoin has revisited the Weekly Higher Low black it needs to showcase strength here so as to protect its historical pre Halving price tendencies Crypto
315,0.5,pos,BTC BTCUSD Bitcoin 1D The bounce has started Crypto
316,-0.2,neg,Bitcoin fall victim to the COVID 19 panic I truly did not see that coming I thought it might act as a safe haven asset BTCUSD
317,1.0,pos,Revisit of the Weekly Higher Low A revisit of the Weekly Higher Low was Step 2 of my 6 Step Bitcoin investing strategy for 2020 Checkout the rest of my investing strategy for BTC BTC BTCUSD Bitcoin
318,1.0,pos,BTC BTCUSD Bitcoin History is repeating itself so far
319,1.0,pos,At the global support line What if it does not hold BTC BTCUSD bitcoin
320,1.0,pos,BTC BTCUSD Bitcoin In this bull market investors have been presented with a financial opportunity every time Bitcoin broke down from the 200 EMA black This time will be no different Crypto
321,1.0,pos,BTCUSD Weekly
322,1.0,pos,btc btcusd btc Yeah sorry for the bulas out there but this range looks hella like re distribution Wyckoff
323,-0.4,neg,BTC BTCUSD Bitcoin Investors believe that 20 000 is a psychological inflexion point for BTC That 20K is the level that will spur strong emotions amp buy side momentum once breached But the 12M chart shows that 14 334 may actually be that key level
324,-0.4,neg,BTC BTCUSD btc I think we may be in the middle of a massive accumulation starting with an inverse Head amp Shoulders and morphing into a Livermore Accumulation Cylinder
325,1.0,pos,BTC Bitcoin 12M Timeframe The Halving blue is arguably the single most important event in Bitcoin s history It is no coincidence that BTCUSD rallies to new ATHs post Halving Post Halving 1 growth 3420 Post Halving 2 growth 4080 Crypto
326,1.0,pos,BTC BTCUSD Bitcoin Bitcoin broke out past its old Yearly High of 504 around 56 days before Halving 2 after retesting the Weekly Higher Low black as support Now it is 68 days until Halving 3 and BTC is very close to its Weekly Higher Low Could history repeat itself
327,1.0,pos,BTC BTCUSD Bitcoin 12 Month Timeframe The 12M timeframe shows that BTC behaves in 4 year cycles Each cycle has distinct phases Bitcoin is currently in Phase 4 This year BTC will try to break amp close above 14 334 to rally to new ATH in 2021
328,0.0,neut,Not convinced of this btcusd bottom just yet Price needs to clear the bearish throwback level for bull trend continuation otherwise I d expect the lows at 8 200 to be swept eventually bitcoin
329,0.2857142857142857,pos,BTC BTCUSD Bitcoin After an entire week of sellside action BTC has managed a decent Weekly close above the Range EQ 8 550 So far so good but buyers need to show up The bounce that follows from here will be telling as to how strong of a support this Range EQ really is
330,0.0,neut,Studies show the single Most significant factor in starting a bull run for bitcoin has been the presence of a February 29th Which for those who didn t know is today btc btcusd
331,-0.25,neg,Anyone else long off the BTCUSD lows Or are all of y all back in the bearish camp waiting on sub 6400 again Hidden bull divs on the H4 and D1 looking to confirm H1 gave a bull div at the swing low yesterday evening to indicate a likely reversal bitcoin xbtusd
332,-0.25,neg,Simple moving averages on 20 and 50 weeks periods Only twice in the whole history of bitcoin there were bearish crossovers First time after that there was a drop by 67 and the second time by 53 The third crossover has been printed today BTC BTCUSD bitcoin XBT
333,1.0,pos,Bitcoin it s Really started to worry me How Long this Weekly S R will hold tested many times on LTFs last few days it s still a weekly support with Falling wedge amp Bull div on LTFs yet still waiting for proper reaction BTC BTC BTCUSD BTCUSD
334,0.5,pos,btcusd price based on S2F model The 5th quantile of residuals as pointed out by serves as a useful bottom catcher Here s the projection of the potential bottoms tops and median price values for the next block era 2020 EoY should close above 14k btc xbt
335,0.5,pos,10500 resistance got rejected again It looks like a potential IH amp S formation the right shoulder could find support around 50 weeks SMA According to Thomas Bulkowski the IH amp S target is 74 of the pattern hight In this case it is around 13200 BTC BTCUSD bitcoin
336,1.0,pos,btc btcusd btc Past occurences of 50 200 D SMA golden crosses always had pullback into the cross before continuation upward except for a fakeout in 2014 bitstamp chart
337,0.0,neut,Bitcoin se desploma con fuerte volumen BTCUSD 7 0
338,0.2857142857142857,pos,Buy trigger for BTCUSD Updates are provided in real time for pairs on Bybit
339,0.0,neut,BTCUSD BTC here is what I see as a possible best case scenario pre halving Even though it is a different approach the target matches nicely with s latest forecast update Thanks for the inspiration buddy Get the free weekly newsletter
340,0.0,neut,Bitcoin BTCUSD Month later update TA gt all
341,0.0,neut,Dude this Bitcoin Elliott Wave count just keeps getting sexier 3 wave minimum target 23 000 Volume Keeps growing and breaking records Ichimoku cloud is now supported on 3D This cycle is just getting started bitcoin crypto btcusd
342,0.0,neut,btc btcusd btc Does this 2 year scenario turn you on
343,0.4,pos,Che lo van a mufar al bitcoin si todos publican 10k btc btcusd btcusd btc
344,1.0,pos,Posted in November Still operative My view is that any dips from here whether shallow or deep will be short lived as new macro driven money looks for entry BTCUSD
345,1.0,pos,Hearing more and more inquiry Agree The only other time I ve heard as much was in late 2017 But impt distinction Back then the talk was all about short term spec trading Now it s about BTC as macro geopolitical hedge and digital gold Maturation of an asset BTCUSD
346,1.0,pos,I am long BTCUSD BTC X and other cryptos but am expecting a pause here at the VWAP from the 2019 high
347,1.0,pos,BTC BTCUSD BIG Thread with 25 reasons to be macro bullish 1 x
348,-0.5,neg,ALTSEASON Checklist 1 Bitcoin rallies 2 Money begins to flow from BTC to Large Caps like Ethereum 3 Decline in Bitcoin Dominance 4 BTCUSD moves sideways 5 Money flow from Large Caps to Mid Caps amp Low Caps Bitcoin
349,0.0,neut,The longer BTC hangs in this tight zone the more violent a move to 10k could be Macro conditions have never been more ideal so many new eyes and lots of watching here Short term momos should be glued to chart volume BTCUSD
350,0.6,pos,BTC BTCUSD Bitcoin 1M Excellent Monthly close The 1M close confirms an exit from the Monthly 7770 9300 range February is already a good month Crypto
351,0.4,pos,BTCUSD Bitcoin at a sticky level how I am trading it
352,0.6666666666666666,pos,Yeni video yay nda btcusd buraya nas l geldi Market yap s ve zel bir strateji
353,0.0,neut,BTC BTCUSD Bitcoin 1D Retest in progress Crypto
354,0.0,neut,Three White Soldiers pattern on Bitcoin daily BTCUSD I
355,0.0,neut,BTC BTCUSD Bitcoin 1D Bitcoin has managed its first Daily close above the Range High since late October 2019 To fully confirm its exit from the Monthly range BTC needs to turn the Range High into a new support Retest attempt soon Crypto
356,1.0,pos,Strongest Monthly close for Bitcoin yet almost a full body candle Bulls aiming for a double whammy Bullish engulfing close above 9186 One more trend reversal sign BTCUSD Bitcoin
357,1.0,pos,In tonight s webinar to Alphatrends subscribers I mentioned that this is the first time my crypto account has been fully long in a while I am long all three BTCUSD ETHUSD LTCUSD
358,-1.0,neg,BTC BTCUSD Bitcoin 1M The Monthly close is just around the corner and price is just below the Range High resistance 9 300 Extremely bullish if the Monthly manages to close above 9 300 Crypto
359,0.3333333333333333,pos,BTC BTCUSD Bitcoin 1W Higher timeframe retest successful Bitcoin has confirmed a break out from the 7 month downtrending channel This week will be all about price following through on these promising technical signs Crypto
360,0.0,neut,Buy trigger for BTCUSD Updates are provided in real time
361,1.0,pos,Bitcoin ethereum amp XRP Analysis and possible coming Plays including both BTC amp USDT pairs Please watch Share amp Subscribe to our Channel Thanks Education amp Market update By TradingABCD XRPUSD BTCUSD ETH ETHBTC ETHUSD BTC
362,1.0,pos,This is a logical place for btcusd to find support a pullback to a breakout level and the middle BB
363,1.0,pos,It s incredible how well the song zombie goes with this video dudes a badass if you don t know now you do btc btcusd
364,1.0,pos,BTC BTCUSD Bitcoin 1W Higher timeframe retest attempt in progress If the Weekly can close like this that would be a great step to confirming a higher timeframe breakout from this downtrending channel Crypto
365,0.0,neut,btc btcusd Red Ribbon compresses end of bear market Green Ribbon expands due to 1st rally Blue Ribbon compresses again before MAJOR bull rally 1 3
366,0.0,neut,Hey bitcoin how about making a C amp H BTC BTCUSD bitcoin
367,1.0,pos,Im putting together some charts to discuss in the FREE Anchored VWAP webinar I will be conducting at 12PM Eastern TOMORROW signup here BTCUSD TSLA
368,1.0,pos,btc btcusd idk this dip reminds me of the February 24th 2019 dip This was followed by a 1 month very slow grind up into the April 1st Moon Mission Joke
369,1.0,pos,Bitcoin BTCUSD how s last week doing
370,1.0,pos,BTC BTCUSD On the weekly Bull market are where RSI gt 55 and Bear Market when RSI lt 55 Right now we are exactly at this crucial line Which way
371,1.0,pos,btc btcusd Ne erken ne ge tam zaman nda Analiz sonu
372,1.0,pos,BTCUSD rising but dominance falling is what dreams are made of
373,0.0,neut,Bitcoin I would be careful here Weekly Levels are shown on chart Very Clean price action and interaction with the weekly Levels My Plan Weakness here gt Short down to 8250 8730 Flip into Support gt Longing up to 9 4K BTCUSD BTC BTC Share
374,1.0,pos,BTC A breach of the trendline resistance amp the downtrend is likely over BTCUSD doesn t have to breakout today Nor does it have to breakout tomorrow But this downtrending channel reminds me of a bullish continuation pattern Only 119 days left until the Bitcoin Halving
375,1.0,pos,Cryptos getting some action Daily and hourly charts of BTCUSD LTCUSD ETHUSD
376,1.0,pos,I want to break freeee BTCUSD
377,1.0,pos,Posted in March 2019 just under 4K Why 1 Saw institutional buyers 2 Longterm TA turned up 3 Global macro and monetary policy 4 Stagnant price but growing ecosystem Depending on how you define stagnant all still operative BTCUSD
378,0.0,neut,Parabolic SAR on a weekly time frame turned bullish first time for six months BTC BTCUSD bitcoin
379,0.0,neut,Now that the iran conflict seems to have subsided I think we get one big sweeping move for BTCUSD and XAUUSD that results in this linear correlation being broken for the foreseeable future It was nice while it lasted however bitcoin is an instrument that has just recovered
380,0.0,neut,BTCUSD Waiting for a smaller pullback from our current price at 7 950 Buy Zne for me personally at 7 3k 7 5k Sell Zne thereafter on a 2W 1M Swing around 10k or higher to 11k Updting as needed SL once bought 7 1k with re entry at 6 6k and 5 1k if we go south
381,0.0,neut,Some U S desks definitely looking for BTC right now You re an NYC based fund It s 7pm What are you going to long short that s liquid and avail RIGHT NOW How are you hedging your existing positions Overseas Give it a try Spoos Try it Gold Good luck BTCUSD liquidity
382,0.0,neut,Bitcoin BTCUSD Few planets alignment Out of a consolidation grey Under Major Oblique Volume Contraction RSI under bullish area
383,0.0,neut,Gave heads up on Saturday that institutional interest had picked up in BTC Again in a time of higher geopolitical risk instant 24 7 availability becomes very attractive No other asset matches it BTCUSD
384,-1.0,neg,6 Took Profit at 7781 5 for 26 84r What started as a scalp to 7000 turned into a massive swing trade btc btcusd xbtusd
385,0.25,pos,Side by side view of GOLD and BITCOIN These assets are often seen as a hedge against world crisis Bitcoin has alot of room to run Credits to on for inspiration BTCUSD BTC XAU XAUUSD
386,0.25,pos,On balance volume descending wedge is getting tighter bitcoin BTC BTCUSD
387,0.0,neut,BTC s immediate reaction to Iraq events continued to cement its role as a legit go to global macro instrument Expecting this to accelerate in coming years BTCUSD
388,-0.5,neg,BTCUSD Majority of CT flipping bull for macro trend I m not there yet Still thinking we drop down I ll jump on the bull wagon if we clear 8k however But immediate future may dump in next few days Supports amp Resistances highlighted on chart
389,0.0,neut,BTC BTCUSD Bitcoin 1Y What can you tell me about Bitcoin s price action on the Yearly timeframe The 2019 Yearly close is only a few days away Crypto
390,0.0,neut,Bitcoin tendency progress update a BTC may not see a new high in 2019 b Could eclipse 13 9K to reach 16K in 2020 pre Halving c May retrace 38 50 up to 100 days pre Halving d Will make new ATH post Halving Crypto BTCUSD
391,0.0,neut,2 day BTCUSD Let the bull out the gate
392,-1.0,neg,You guys better have that twitch station subscribed and alerted instantutility timingmatters btcusd
393,-1.0,neg,The recession wouldn t be bullish for BTCUSD risk assets are dumped during recessions The currency crises on the other hand would be bullish But would it accomplish your lambo dreams
394,-1.0,neg,BTC BTCUSD Bitcoin One week later and it s happening Crypto
395,-1.0,neg,BTCUSD
396,-1.0,neg,The ecosystem staying focused on habit gt Steady flow of results Kaz taught em to play all markets BTCUSD SPY
397,-1.0,neg,How about that A nice little pre turkey day present eh I ll be giving a little extra thanks BTCUSD Of course technical analysis of crypto currency totally doesn t work at all Not worth a darn Thankful
398,-1.0,neg,Turkey week bottom in crypto space The setup is looking good BTCUSD
399,1.0,pos,1 BTC Took 8 trades yesterday 7 of which where live traded and TP d a 9th trade that was on going 8 winners altogether 1 loser Cleared a total of 36r BTCUSD XBT Bitcoin 7 1r 2 64r 19 36r
400,0.5,pos,BTCUSD is below the year long average Long term average at 7 9K becomes the new resistance Downtrend
401,0.5,pos,BTC BTCUSD bitcoin
402,-0.5,neg,Less than 180 days until the next Bitcoin Halving Green boxes show the mid November to early January period prior to each of BTC s Halvings Historically BTCUSD has enjoyed a few weeks of uninterrupted upside movement heading into the New Year Will this time be different
403,1.0,pos,BTC BTCUSD I think both the structures at 3k bottom and right now are similar Fake out to the downside into scampump exagerated by the Xi pump Slow bleed on decreasing volume less sellers Price fake out below 78 6 fib retracement into old support Pump
404,1.0,pos,My take on mining charts None I ll follow the regular BTCUSD as I ve always done
405,0.0,neut,1W BTCUSD OBV subtly sitting above resistance This is significant IMO
406,0.0,neut,BTC BTCUSD LOL tell me this isn t btc in 2019
407,-0.5,neg,for those who think Technical Analysis is voodoo here is former support turning into resistance in bitcoin just like the teach you on the first day of Technical Analysis Kindergarten BTCUSD BCOIN BTC X
408,-0.5,neg,btcusd Bullish Wolfe htimali u anki d de wolfe i in yeterli gelebilir fakat kutudan veya trend izgisinin k r l m yla pozisyon almay d n r m 8078 alt nda analiz ge ersiz
409,-0.5,neg,BTCUSD Those highs 8870 at will be swept before she heads to the lower 8000s imo
410,-0.5,neg,BTCUSD
411,1.0,pos,BTCUSD
412,-1.0,neg,BTC I ve been running a long position from 8708 Trigger was the stop hunt Common set up for me Targeting 9055 BTCUSD XBT Bitcoin
413,-1.0,neg,BTCUSD Macro View 2014 Bear Market Red 410 days to bottom White 720 days 2 yrs to reach ATH Green 360 days 1 yr from old ATH to new ATH 20K 2018 Bear Market Red Bottom in Feb 2019 White Reach old ATH in Jan 2021 Green New ATH in Jan 2022
414,0.0,neut,BTCUSD
415,0.0,neut,I m not expecting too much upside from BTCUSD this year The new phase of this Market Cycle is likely going to heat up in 2020 ahead of the Bitcoin Halving For me the objective for Q4 2019 was to accumulate BTC on its first major bull market correction for post Halving gains
416,0.0,neut,All altcoin markets were paused by extremely large sell order blocks right before every upward rally to drive every drop of liquidity from these markets to BTCUSD Every BTC rally was instigated on and then was followed by other exchanges
417,-1.0,neg,Bitcoin is currently trying to flip the Monthly Range High into a new level of demand The last few times that BTCUSD flipped the RH into support was when BTC was retracing With the correction most likely over BTC is now trying to do the same but this time in a new uptrend
418,-1.0,neg,This is insane TBH CME gap filled Price DUMPED but not on any exchange BTCUSD whats your take
419,-0.5,neg,I am being asked about a Head Fake on the six hour btcusd chart The setup up is near perfect all that is needed is completion a hard down bar I ll be talking about these in Milan for Swissquote this Friday it
420,-0.5,neg,Deribit s flash crash on Halloween Issue with their index calculation methodology caused the crash Full analysis here CryptoNews cryptocurrency bitcoin Crypto cryptotwitter XBTUSD BTCUSD btcnews
421,0.0,neut,Upcoming BTCUSD Block Halving Observations amp What to Expect Should the trend of the previous two continue
422,0.0,neut,Interesting developments in Bitcoin After a prior uptrend the consolidation resolved lower rather that in the direction of trend Momentum diverged positively on that break Bulls winning this battle can go a long way to winning the war BTCUSD BTC X bitcoin crypto
423,0.0,neut,Buy trigger for BTCUSD Updates are provided in real time
424,0.0,neut,Very interesting Popcorn is ready BTC BTCUSD bitcoin
425,-0.5,neg,The is all systems green for the first month back online Tracking ETHUSD XRPUSD BTCUSD higher timeframe trends on All updates are tweeted out live and timestamped
426,1.0,pos,Out of DOGE ZRX and BAT All momentum taken out by the BTCUSD move this weekend which was absolutely impressive Just got back to my monitors after a camping trip w the family Beautiful destruction Everywhere
427,0.5,pos,a y est tout le monde s enflamme parce que le Bitcoin a repris 2000 certains vont encore entrer en pleine acc l ration et se faire plumer moins de tenir les positions sans stop long terme difficile de trader cette configuration BTCUSD
428,0.5,pos,BTC BTCUSD bitcoin
429,1.0,pos,Wow what an exiting day and night Volume is shrinking Let s see if we can get this breakout confirmed Still waiting for it btcusd
430,0.0,neut,BTCUSD explot
431,0.0,neut,Chatter about this BTC spike Will post this for now hearing possible large conversion out of HKD Been expecting capital flight for a while would not be surprised Also that this spike driven by Friday gold buyers continuing to allocate in anticipation of next week BTCUSD
432,0.0,neut,btcusd And There is your Head Fake
433,0.0,neut,2018 and 2019 crashes in both cases RSI dropped to an oversold area and then it started to grow while price continued to decrease forming a bullish divergences with RSI on a daily timeframe if we wouldn t be too picky with lows BTC BTCUSD bitcoin
434,0.75,pos,BTC correction looks like it s coming to an end and we could be resuming the climb towards 100k the rest of the crypto market will likely follow this trend and make much bigger gains elliottwave btc bitcoin BTCUSD cryptocurrency blockchain tron
435,-0.6666666666666666,neg,can t help but think the more times support is tested the more likely it is to fail when I look at this daily Bitcoin BTCUSD chart Support in this case is the VWAP anchored from the February spike Be careful if long
436,-0.3333333333333333,neg,Good potential for a Head Fake in BTCUSD Wait for it
437,-0.16666666666666666,neg,BTC Cleared 21 48r between two different short positions on xbtusd Very satisfied with the performance here Will keep looking for short scalps until we breach range low 7688 BTCUSD XBT Bitcoin
438,0.3333333333333333,pos,0 Been working on a btc price prediction model based on Stock to Flow analysis using Machine Learning for the past few days Here s how the prediction looks going into the halving next May Details will be shared later btcusd xbt
439,0.25,pos,Here are two important BTCUSD tendencies BTC has made a new ATH in each of its Market Cycles BTC rallies exponentially after the Halving For me it s all about the macro perspective I have no reason to sell my BTC investment too soon Crypto
440,1.0,pos,BTC short 8776 Will throw up a better chart in am going to sleep here shortly Been waiting for 8800 for a long time now BTCUSD XBT Bitcoin
441,,,A lot going on with this bitcoin chart although I encourage you to follow study to understand what goes on in various parts of market cycle This is just the surface on BTCUSD
442,,,BTCUSD Currently just under 8 2k Resistance Zones 8 6k 9 2k 9 9k amp 10 2k Strongest Supports 8 4k 7 6k At least gunning for mid BB on 1D amp 3D Re evaluate afterward Timeframe within 48 72hrs
443,,,Bitcoin have NEVER dropped below the lower Bollinger Band on a bull market so far Now it is at 7700 So either 8k is a bottom or this is not a bull market anymore BTCUSD bitcoin BTC
444,,,Incredible symmetry tbh BTCUSD XBT GBTC
445,,,Bitcoin tumbled as much as 17 to 8 087 the most on an intraday basis since January 2018 So called alternative coins such as Ether and Litecoin slumped even more declining as much as 25 and 21 respectively btcusd
446,,,BTCUSD cryptocurrencies Irrespective of the breakout direction the breakout or breakdown will take place from extreme low volatility condition Usually these type of setups are followed by a steady trend period Low volatility begets high volatility and vice versa
447,,,BTCUSD 1D Every time when we had a bullish crossover on Stochastic RSI at the oversold zone we had a rise in bitcoin price after that 9 times from the middle of April No exceptions We have one more now Brace yourself BTC bitcoin
448,,,dalai lama formation complete in BTCUSD
449,,,That s a small Head Fake in BTCUSD
450,,,Interesting thing to note is that funding for BTCUSD has been ticking up for longs recently Stark contrast to sub 9500 where it was negative Horizontal line is the 0 point below 0 01 is negative above is positive
451,,,The previous Bull Market lasted 152 weeks In the first 81 weeks BTC rallied 383 prior to its second Halving After Halving 2 BTC rallied 4080 in 70 weeks Bitcoin is now in the 24th week of its new Bull Market BTCUSD has rallied 340 so far
452,,,BTCUSD 1W RSI Stochastic RSI For the last 3 5 years EVERY time when the weekly Stochastic RSI had a major bullish crossover it was a true signal of the RSI low as well as the price low even during the bear period in 2018 11 TIMES WE ARE GOING UP BTC bitcoin
453,,,Bitcoin longs to shorts ratio goes down gt BTCUSD goes up Just with some delay Look at that slope for the recent drop in the longs shorts ratio BTC bitcoin
454,,,Gun to your head in one month BTCUSD ETHBTC LTCBTC Will be lower higher I ll go first BTCUSD ETHBTC LTCBTC
455,,,BTCUSD Fibonacci Fractal marketcycle Fractals within fractals cryptocurrency BTC bitcoin HODL
456,,,BTCUSD is in a BB Squeeze as are many of the alts Positive divergences are developing Awaiting confirmation of a move higher
457,,,BTCUSD Bbands inside kelts on 1D with price rising across basis suggesting growing bullish momentum with bband squeeze in play Historically in these set ups continued volume growth will lead to bullish expansion and price movement to the upside
458,,,BTCUSD Wouldn t be surprised if this range compresses into a pennant again
459,,,Pretty amazing ROI in tier3 over the last few days Just closed the second trade Lots of haters out there but the winternomics discord is where it s at btc btcusd timingmatters biasisakiller
460,,,BTCUSD Skeptical of this breakout Would prefer to see a close above 10960 on 4H amp 1D If daily closes below 10950 I ll be looking for shorts Overall this reminds me a lot of June 2018 where we swept the previous high but then dumped and printed that inverse H amp S
461,,,This would shaft the most market participants BTCUSD
462,,,BTCUSD 1D RSI Every time when there is a breakout of the RSI resistance trend bitcoin rises We just had another breakout Bullish BTC bitcoin
463,,,the 6k break for BTCUSD was preceded by a steedily increasing funding rate that hit rather absurd levels before the bitcoin support level finally broke Compare that funding level to the current funding level What differences do you notice
